{
  "steps": [
    5000,
    10000,
    15000,
    20000,
    25000,
    30000,
    35000,
    40000,
    45000,
    50000,
    55000,
    60000,
    65000,
    70000
  ],
  "val": [
    1.6137555837631226,
    1.8321732878684998,
    1.5523990541696548,
    1.5100827813148499,
    1.7346767485141754,
    1.681016743183136,
    1.4818855077028275,
    1.6218365840613842,
    1.4816285632550716,
    1.5251565650105476,
    1.4102992042899132,
    1.7037779465317726,
    1.6586116626858711,
    1.5870101898908615
  ]
}